<?xml version="1.0" encoding="UTF-8"?>
<config xmlns="http://www.knime.org/2008/09/XMLConfig" xmlns:xsi="http://www.w3.org/2001/XMLSchema-instance" xsi:schemaLocation="http://www.knime.org/2008/09/XMLConfig http://www.knime.org/XMLConfig_2008_09.xsd" key="MiningSchema">
    <config key="learning">
        <entry key="array-size" type="xint" value="14"/>
        <entry key="0" type="xstring" value="Gender"/>
        <entry key="1" type="xstring" value="Scholarship"/>
        <entry key="2" type="xstring" value="Hipertension"/>
        <entry key="3" type="xstring" value="Diabetes"/>
        <entry key="4" type="xstring" value="Alcoholism"/>
        <entry key="5" type="xstring" value="Handcap"/>
        <entry key="6" type="xstring" value="SMS_received"/>
        <entry key="7" type="xstring" value="Is_age_Winsorized"/>
        <entry key="8" type="xstring" value="age_wz"/>
        <entry key="9" type="xstring" value="Day of Week (Name)"/>
        <entry key="10" type="xstring" value="Hour"/>
        <entry key="11" type="xstring" value="Is_dias_diff_Winsorized"/>
        <entry key="12" type="xstring" value="dias_diff_wz"/>
        <entry key="13" type="xstring" value="Top10_Neighbourhood"/>
    </config>
    <config key="target">
        <entry key="array-size" type="xint" value="1"/>
        <entry key="0" type="xstring" value="No-show"/>
    </config>
</config>
